[
    { "id": 1, "Name": "Artificial Intelligence" },
    { "id": 2, "Name": "Machine Learning" },
    { "id": 3, "Name": "Cybersecurity" },
    { "id": 4, "Name": "Blockchain" },
    { "id": 5, "Name": "Cloud Computing" },
    { "id": 6, "Name": "Data Science" },
    { "id": 7, "Name": "Internet of Things" },
    { "id": 8, "Name": "Augmented Reality" },
    { "id": 9, "Name": "Virtual Reality" },
    { "id": 10, "Name": "Big Data" },
    { "id": 11, "Name": "Quantum Computing" },
    { "id": 12, "Name": "Mobile Development" },
    { "id": 13, "Name": "Web Development" },
    { "id": 14, "Name": "DevOps" },
    { "id": 15, "Name": "E-commerce" },
    { "id": 16, "Name": "Digital Marketing" },
    { "id": 17, "Name": "3D Printing" },
    { "id": 18, "Name": "Robotics" },
    { "id": 19, "Name": "Game Development" },
    { "id": 20, "Name": "Wearable Technology" }
  ]
  